License Number,First Name,Last Name
MDIN1001,David,Davis
MDIN1002,Sarah,Smith
MDIN1003,John,Johnson
MDIN1004,Lisa,Williams
MDIN1005,Michael,Miller
MDIN1006,Emily,Jones
MDIN1007,James,Brown
MDIN1008,Emma,Davis
MDIN1009,William,Anderson
MDIN1010,Olivia,Martin
MDIN1011,Robert,Clark
MDIN1012,Julia,Taylor
MDIN1013,Daniel,Moore
MDIN1014,Grace,Anderson
MDIN1015,Matthew,White
MDIN1016,Ava,Thomas
MDIN1017,Andrew,Hall
MDIN1018,Chloe,Wilson
MDIN1019,Joseph,Harris
MDIN1020,Sophia,Lewis
MDIN1021,Christopher,Adams
MDIN1022,Grace,Baker
MDIN1023,Michael,Green
MDIN1024,Olivia,Robinson
MDIN1025,Joshua,Hill
MDIN1026,Emily,Wright
MDIN1027,Matthew,Carter
MDIN1028,Sophia,Hall
MDIN1029,William,Young
MDIN1030,Emma,King
MDIN1031,David,Lee
MDIN1032,Ava,Turner
MDIN1033,James,Harris
MDIN1034,Isabella,Scott
MDIN1035,Christopher,Walker
MDIN1036,Sarah,Brooks
MDIN1037,Joseph,Anderson
MDIN1038,Olivia,Moore
MDIN1039,Daniel,Evans
MDIN1040,Emily,Mitchell
MDIN1041,Alexander,Richardson
MDIN1042,Abigail,Hughes
MDIN1043,William,Cook
MDIN1044,Elizabeth,Phillips
MDIN1045,Matthew,Price
MDIN1046,Chloe,Ross
MDIN1047,David,Wood
MDIN1048,Sophia,Stewart
MDIN1049,John,Morris
MDIN1050,Hannah,Bailey
